reactor,OD0,R0,OD1,R1
M0,0.198,15000,1.33,520
M1,0.194333333333333,11200,1.13,480
M2,0.221666666666667,15800,0.59,3300
M3,0,23600,0.69,3450
